name,aliases,dosage_forms,typical_dosage,commonly_used_for,warnings
Paracetamol,"Acetaminophen,Calpol,Dolo,Crocin",Tablet/Syrup/Suppository,500mg–1g every 4–6 hours (max 4g/day),Fever and mild to moderate pain,Do not exceed 4g per day. Avoid alcohol. Use caution in liver disease.
Ibuprofen,"Brufen,Advil,Nurofen",Tablet/Syrup/Gel,200mg–400mg every 6–8 hours with food (max 1200mg/day),"Pain, fever, and inflammation","Take with food. Avoid in kidney disease, peptic ulcer, or late pregnancy. May increase blood pressure."
Amoxicillin,"Amoxil,Novamox,Trimox",Capsule/Syrup,250mg–500mg every 8 hours for 5–10 days,"Bacterial infections (ear, throat, chest, urinary tract)",Complete the full course. Inform doctor of penicillin allergy. May cause diarrhoea.
Metformin,"Glucophage,Glycomet",Tablet,500mg–1000mg twice daily with meals,Type 2 diabetes (to lower blood sugar),Take with meals to reduce stomach upset. Avoid alcohol. Stop before contrast dye procedures.
Atorvastatin,"Lipitor,Storvas,Atorva",Tablet,10mg–80mg once daily at night,High cholesterol and prevention of heart disease,Report unexplained muscle pain immediately. Avoid grapefruit juice. Inform doctor if pregnant.
Amlodipine,"Norvasc,Amlong,Stamlo",Tablet,5mg–10mg once daily,High blood pressure and chest pain (angina),May cause ankle swelling and flushing. Do not stop suddenly without doctor advice.
Omeprazole,"Prilosec,Omez,Ocid",Capsule/Tablet,20mg–40mg once daily before meals,"Acidity, GERD, stomach ulcers",Take 30 minutes before eating. Long-term use may reduce magnesium and B12 levels.
Cetirizine,"Zyrtec,Alerid,Cetzine,Okacet",Tablet/Syrup,10mg once daily,"Allergic rhinitis, hives, and itching",May cause drowsiness. Avoid driving until you know how it affects you. Avoid alcohol.
Azithromycin,"Zithromax,Azee,Azithral",Tablet/Syrup,500mg once daily for 3 days (or as directed),"Bacterial infections (chest, skin, ear, throat)",Complete the full course. May cause stomach upset. Rare risk of abnormal heart rhythm.
Losartan,"Cozaar,Repace,Losartan Potassium",Tablet,25mg–100mg once daily,High blood pressure and kidney protection in diabetes,Avoid potassium supplements unless directed. Do not use in pregnancy. Monitor kidney function.
Pantoprazole,"Pantodac,Pan,Pantop,Pan-D",Tablet,40mg once daily before breakfast,"Acidity, GERD, and stomach ulcers",Take before meals. Long-term use may affect bone density and magnesium levels.
Metronidazole,"Flagyl,Metrogyl,Aristogyl",Tablet/Gel/Suspension,400mg–500mg three times daily for 5–7 days,"Bacterial and parasitic infections (gut, dental, skin)",Avoid alcohol during treatment and for 48 hours after. May cause metallic taste.
Doxycycline,"Doxt,Biodoxi,Vibramycin",Capsule/Tablet,100mg once or twice daily,"Bacterial infections, acne, malaria prevention",Take with a full glass of water. Avoid lying down for 30 minutes after. Increases sun sensitivity.
Prednisolone,"Wysolone,Omnacortil",Tablet,As directed by doctor (dose varies widely),"Inflammation, allergies, asthma, autoimmune conditions",Do not stop suddenly — taper as directed. May raise blood sugar and blood pressure. Take with food.
Salbutamol,"Ventolin,Asthalin,Albuterol",Inhaler/Syrup,1–2 puffs (100mcg each) as needed,Asthma and breathing difficulty (bronchospasm),Shake inhaler before use. Rinse mouth after inhaled doses. Overuse may cause tremor and fast heartbeat.
Glimepiride,"Amaryl,Glimi,Glimy",Tablet,1mg–4mg once daily with breakfast,Type 2 diabetes (to stimulate insulin release),Take with food. Watch for signs of low blood sugar. Avoid skipping meals.
Clopidogrel,"Plavix,Clopilet,Deplatt",Tablet,75mg once daily,Prevention of heart attack and stroke (blood thinner),Inform all doctors before surgery. Do not stop without consulting your doctor. May increase bleeding risk.
Levothyroxine,"Eltroxin,Thyronorm",Tablet,25mcg–200mcg once daily on an empty stomach,Hypothyroidism (underactive thyroid),"Take 30–60 minutes before breakfast. Do not take with calcium, iron, or antacids. Regular blood tests needed."
Ciprofloxacin,"Cipro,Ciplox,Cifran",Tablet/Eye drops,250mg–500mg twice daily for 5–14 days,"Urinary tract, respiratory, skin, and eye infections",Take with plenty of water. Avoid antacids within 2 hours. May cause tendon problems in elderly.
Ranitidine,"Zantac,Rantac,Aciloc",Tablet/Syrup,150mg twice daily or 300mg at night,"Acidity, GERD, and stomach ulcers",Take as directed. May interact with other medicines. Some formulations withdrawn in certain countries — check availability.
Diclofenac,"Voveran,Voltaren",Tablet/Gel/Injection,50mg two to three times daily with food,"Pain and inflammation (muscle, joint, arthritis)","Take with food. Avoid in heart, kidney, or stomach ulcer conditions."
Aspirin,"Disprin,Ecosprin,Loprin",Tablet,75mg–325mg once daily (dose depends on use),"Pain relief, fever, and blood thinning (low dose)",Avoid in children with viral infections (Reye's syndrome risk). Take with food. Increases bleeding risk.
Combiflam,Ibuprofen Paracetamol Combo,Tablet,1 tablet up to 3 times daily after food,Pain and inflammation relief,Take after food. Avoid prolonged use without medical advice.
Norfloxacin,"Norflox,Uroflox",Tablet,400mg twice daily for 3–7 days,Urinary and intestinal bacterial infections,Take on an empty stomach. Avoid antacids within 2 hours. Increases sun sensitivity.
Digene,Antacid Combination,Tablet/Gel,1–2 tablets or 10ml as needed after meals,"Indigestion, acidity, and heartburn",Do not take with other medicines within 2 hours. Avoid frequent long-term use without advice.
Fexofenadine,"Allegra,Fexova",Tablet,120mg–180mg once daily,Allergy relief (less drowsy than older antihistamines),Avoid taking with fruit juices (may reduce absorption). Generally non-drowsy but individual response varies.
Levocetirizine,"Levocet,Xyzal",Tablet/Syrup,5mg once daily,"Allergy relief (rhinitis, hives)",May cause mild drowsiness in some people. Avoid alcohol.
Pheniramine,Avil,Tablet/Injection,25mg two to three times daily,"Allergy relief, motion sickness",Causes significant drowsiness. Avoid driving or operating machinery.
Ondansetron,"Emeset,Vomikind,Zofran",Tablet,4mg–8mg as needed,Nausea and vomiting,May cause headache and constipation. Inform doctor of heart rhythm issues.
Domperidone,"Domstal,Vomistop",Tablet/Syrup,10mg three times daily before meals,"Nausea, vomiting, and bloating",Take before meals. Avoid in heart rhythm disorders. Limit duration of use.
Loperamide,"Imodium,Lopamide",Tablet,4mg initially then 2mg after each loose stool (max 16mg/day),Diarrhoea relief,Do not use if fever or blood in stool present. Stay hydrated with ORS.
ORS,"Electral,Oral Rehydration Salts",Oral Solution,One sachet dissolved in 1 litre water; sip through the day,"Dehydration from diarrhoea, vomiting, or heat",Use clean water to prepare. Discard prepared solution after 24 hours. Seek medical help if symptoms are severe.
Dicyclomine,Cyclopam,Tablet/Syrup,10mg–20mg three to four times daily,Stomach cramps and spasms,Avoid in glaucoma or urinary retention. Take before meals if advised.
Amitriptyline,"Tryptomer,Elavil",Tablet,10mg–25mg at night (dose varies widely),"Nerve pain, migraine prevention, sometimes depression",Do not stop suddenly. May cause drowsiness and dry mouth. Avoid alcohol.
Sertraline,"Zoloft,Serta,Daxid",Tablet,25mg–200mg once daily (dose varies widely),"Depression, anxiety disorders",Do not stop suddenly. Effects may take 2–4 weeks to appear. Discuss all other medicines with your doctor.
Alprazolam,"Xanax,Alprax,Restyl",Tablet,0.25mg–0.5mg as directed,Anxiety (short-term use),Habit-forming — use only as prescribed. Avoid alcohol. Do not stop abruptly.
Montelukast,"Singulair,Montair,Monticope",Tablet,10mg once daily at night,Asthma and allergic rhinitis (preventive),Not for immediate asthma attack relief. Take regularly as prescribed even if feeling well.
Ambroxol,"Mucosolvan,Ambrolite",Syrup/Tablet,30mg two to three times daily,"Cough with mucus, chest congestion",Drink plenty of fluids. Generally well tolerated.
Dextromethorphan,Benadryl DR,Syrup,10mg–20mg every 4 hours as needed,Dry cough suppression,Avoid combining with other cough or cold products containing the same ingredient. Avoid in children under 4.
Multivitamin,"Zincovit,Revital,Supradyn",Tablet/Capsule,1 tablet once daily,General vitamin and mineral supplementation,Do not exceed recommended dose. Consult doctor if pregnant or on other supplements.
Calcium Vitamin D3,"Shelcal,Calcirol,Ostocalcium",Tablet,500mg–1000mg once or twice daily,Calcium deficiency and bone health,Take with food. Avoid excess intake — may affect kidney function over time.
Iron Folic Acid,"Fefol,Autrin,Livogen",Tablet/Capsule,1 tablet once daily,Iron deficiency anaemia,May cause constipation and dark stools (normal). Take with vitamin C for better absorption.
Biotin,"H-Vit,Biotin Forte",Tablet,5mg–10mg once daily,"Hair, skin, and nail health supplement",Generally safe. Discontinue if unusual skin reactions occur.
B-Complex,"Becosules,Neurobion",Capsule/Tablet,1 capsule once daily,Vitamin deficiency and general supplementation,Generally safe. Excess long-term doses rarely may cause nerve tingling.
Zinc Sulphate,Zinconia,Tablet/Syrup,20mg once daily (varies by age),"Zinc deficiency, immune support, diarrhoea recovery in children",Take with food to reduce stomach upset. Avoid exceeding recommended dose.
Betadine,Povidone-iodine,Solution/Ointment,Apply to affected area 2–3 times daily,Wound and skin antiseptic,For external use only. Avoid in thyroid disorders unless advised. Discontinue if irritation occurs.
Volini,Diclofenac Gel Topical,Gel/Spray,Apply to affected area 3–4 times daily,Muscle and joint pain relief (topical),For external use only. Avoid broken skin. Wash hands after application.
Moov,Diclofenac Methyl Salicylate,Cream/Spray,Apply to affected area as needed,Muscle and joint pain relief (topical),For external use only. Avoid contact with eyes and broken skin.
Telmisartan,"Telma,Telsar",Tablet,20mg–80mg once daily,High blood pressure,Avoid in pregnancy. Monitor kidney function periodically. May cause dizziness initially.
Ramipril,"Cardace,Ramace",Tablet,2.5mg–10mg once daily,High blood pressure and heart protection,May cause persistent dry cough. Avoid in pregnancy. Monitor kidney function.
Atenolol,"Tenormin,Aten",Tablet,25mg–100mg once daily,High blood pressure and heart rhythm control,Do not stop suddenly. May cause fatigue and cold hands or feet. Avoid in asthma.
Furosemide,"Lasix,Frusemide",Tablet/Injection,20mg–80mg once or twice daily,Fluid retention and high blood pressure,Take earlier in the day to avoid night-time urination. Monitor potassium levels.
Spironolactone,Aldactone,Tablet,25mg–100mg once daily,Fluid retention and heart failure management,Monitor potassium levels. Avoid potassium supplements unless directed.
Glipizide,"Glynase,Minidiab",Tablet,2.5mg–20mg daily before meals,Type 2 diabetes,Take before meals. Watch for signs of low blood sugar.
Sitagliptin,"Januvia,Istavel",Tablet,100mg once daily,Type 2 diabetes,Generally well tolerated. Inform doctor of pancreas-related conditions.
Rosuvastatin,"Crestor,Rosuvas",Tablet,5mg–40mg once daily at night,High cholesterol,Report unexplained muscle pain. Avoid excess alcohol. Periodic liver function tests advised.
Clonazepam,"Rivotril,Clonotril",Tablet,0.25mg–2mg as directed,Seizures and anxiety disorders,Habit-forming — use only as prescribed. Avoid alcohol. Do not stop abruptly.
Escitalopram,"Nexito,Cipralex",Tablet,5mg–20mg once daily,Depression and anxiety disorders,Do not stop suddenly. Effects may take 2–4 weeks. Avoid alcohol.
Diazepam,"Valium,Calmpose",Tablet/Injection,2mg–10mg as directed,"Anxiety, muscle spasm, seizures",Habit-forming — use only as prescribed. Causes drowsiness. Avoid alcohol and driving.
Hydrochlorothiazide,"HCTZ,Aquazide",Tablet,12.5mg–25mg once daily,High blood pressure and fluid retention,Monitor electrolyte levels. May increase blood sugar and uric acid slightly.
Clindamycin,"Dalacin,Clindac",Capsule/Gel,150mg–450mg every 6 hours (oral) or apply twice daily (topical),Bacterial infections and acne,Complete full oral course. May cause diarrhoea — report severe or bloody diarrhoea immediately.
Fluconazole,"Forcan,Zocon",Tablet,150mg single dose or as directed,Fungal infections including vaginal yeast infections,May interact with several other medicines — inform your doctor of all medications.
Clotrimazole,"Candid,Canesten",Cream/Powder,Apply twice daily for 2–4 weeks,Fungal skin and vaginal infections,For external use only unless prescribed otherwise. Complete the full duration even if symptoms improve.
Mupirocin,"Bactroban,T-Bact",Ointment,Apply 3 times daily for 5–10 days,Bacterial skin infections,For external use only. Avoid contact with eyes.
Betamethasone,"Betnovate,Diprosone",Cream/Ointment,Apply thin layer once or twice daily,"Skin inflammation, eczema, psoriasis",Avoid prolonged use on face or thin skin. Do not use on infected skin without antibiotic cover.
Calamine Lotion,Caladryl,Lotion,Apply to affected area as needed,"Itching, mild skin irritation, sunburn",For external use only. Discontinue if irritation worsens.
Hydroxyzine,Atarax,Tablet/Syrup,10mg–25mg two to three times daily,Anxiety and allergic itching,Causes drowsiness. Avoid alcohol and driving.
Rabeprazole,"Rabium,Razo",Tablet,20mg once daily before breakfast,"Acidity, GERD, stomach ulcers",Take before meals. Long-term use may affect bone density and magnesium levels.
Sucralfate,"Sucral,Sucrafil",Suspension/Tablet,1g four times daily on empty stomach,Stomach and duodenal ulcers,Take on an empty stomach at least 1 hour before meals. Avoid taking with antacids simultaneously.
Simethicone,Espumisan,Tablet/Drops,40mg–125mg as needed after meals,"Gas, bloating, and flatulence",Generally very safe. No major interactions.
Mefenamic Acid,"Meftal,Ponstan",Tablet,250mg–500mg three times daily after food,Pain relief especially menstrual cramps,Take after food. Avoid in stomach ulcer or kidney disease.
Tranexamic Acid,"Pause,Tranexa",Tablet,500mg–1g two to three times daily,Heavy menstrual bleeding and controlling bleeding,Avoid in history of blood clots unless directed by doctor.
Folic Acid,Folvite,Tablet,5mg once daily (or as directed in pregnancy),Folate deficiency and pregnancy supplementation,Generally very safe. Important during pregnancy for neural tube development.
Vitamin D3,"Calcirol,D-Rise,Uprise D3",Sachet/Capsule,60000 IU weekly or monthly (as directed),Vitamin D deficiency,Take as directed by blood test results. Avoid excess unsupervised intake.
Methylcobalamin,"Nurokind,Methycobal",Tablet/Injection,500mcg–1500mcg daily or as directed,Vitamin B12 deficiency and nerve health,Generally very safe. Long-term deficiency needs monitoring even after starting treatment.
Ivermectin,"Ivecop,Scabo",Tablet/Cream,Dose based on body weight (single or repeat dose as directed),Scabies and certain parasitic infections,Take on empty stomach as directed. Avoid in pregnancy unless directed.
Permethrin,"Permite,Scabimite",Cream/Lotion,"Apply to entire body, wash off after 8–14 hours",Scabies and lice treatment,Follow application instructions exactly. Avoid contact with eyes and mouth.
Chlorhexidine,"Hexidine,Clohex",Mouthwash,Rinse twice daily for 30 seconds,"Gum disease, mouth ulcers, dental infections",Do not swallow. May cause temporary staining of teeth with prolonged use.
Benzoyl Peroxide,"Persol,Benzac",Gel/Face Wash,Apply once or twice daily,Acne,May cause dryness and mild irritation initially. Avoid sun exposure without sunscreen.
Adapalene,"Differin,Deriva",Gel,Apply once daily at night,Acne,May cause initial dryness and peeling. Use sunscreen during the day.
Loratadine,"Claritin,Lorfast",Tablet/Syrup,10mg once daily,Allergy relief (non-drowsy),Generally non-drowsy. Avoid exceeding recommended dose.
Chlorpheniramine,Piriton,Tablet/Syrup,4mg every 4–6 hours as needed,Allergy and cold symptom relief,Causes drowsiness. Avoid alcohol and driving.
Terbutaline,Bricanyl,Tablet/Inhaler/Syrup,2.5mg–5mg two to three times daily (oral),Asthma and bronchospasm,May cause tremor and rapid heartbeat. Use as directed.
Budesonide,"Pulmicort,Budecort",Inhaler,As directed (varies by strength and condition),Asthma prevention (long-term control),Rinse mouth after use to prevent oral thrush. Not for immediate attack relief.
Ipratropium,Ipravent,Inhaler,2 puffs three to four times daily,COPD and asthma (bronchodilator),"Avoid spraying near eyes. Effects are gradual, not for sudden attacks."
Naproxen,"Naprosyn,Napro",Tablet,250mg–500mg twice daily with food,"Pain and inflammation (arthritis, muscle pain)",Take with food. Avoid in kidney disease or stomach ulcer history.
Etoricoxib,"Etoshine,Nucoxia",Tablet,60mg–120mg once daily,Pain and inflammation (arthritis),Avoid in heart disease. Take with food if stomach upset occurs.
Tramadol,Tramazac,Tablet,50mg–100mg every 6 hours as needed,Moderate to severe pain,Habit-forming with prolonged use. May cause drowsiness and nausea. Avoid alcohol.
